,epochs,beta,lr,total_loss,RCE_mol_loss,RCE_prop_loss,KLD_loss,total_loss_te,RCE_mol_loss_te,RCE_prop_loss_te,KLD_loss_te
0,1,0.02,3.088161777508183e-07,224.340283203125,111.24667619977679,0.0,5654.68046875,,,,
1,1,0.02,6.176323555016366e-07,245.44619547526042,122.45896809895834,0.0,6149.361328125,,,,
2,1,0.02,9.264485332524549e-07,210.68634372287326,102.81087409125433,0.0,5393.773654513889,,,,
3,1,0.02,1.2352647110032732e-06,190.0168720967061,90.63215266047297,0.0,4969.236064189189,,,,
4,1,0.02,1.5440808887540917e-06,178.3730895996094,85.14744262695312,0.0,4661.2822265625,,,,
5,1,0.02,1.8528970665049098e-06,210.48740086410984,100.91494473544034,0.0,5478.622869318182,,,,
6,1,0.02,2.1617132442557283e-06,208.9222755432129,98.9900074005127,0.0,5496.6136474609375,,,,
7,1,0.02,2.4705294220065464e-06,183.8003952438767,87.60801738017314,0.0,4809.618771114865,,,,
8,1,0.02,2.779345599757365e-06,186.05223911830356,89.07107805524554,0.0,4849.058426339286,,,,
9,1,0.02,3.0881617775081834e-06,175.45921456473215,84.51659284319196,0.0,4547.131194196429,,,,
10,1,0.02,3.3969779552590015e-06,189.6367853338068,91.87736927379261,0.0,4887.970939867424,,,,
11,1,0.02,3.7057941330098196e-06,175.12456403459822,85.7477521623884,0.0,4468.840680803572,,,,
12,1,0.02,4.014610310760638e-06,173.83874870749082,84.27771175608916,0.0,4478.051700367647,,,,
13,1,0.02,4.323426488511457e-06,162.7791273328993,81.21264309353299,0.0,4078.3243272569443,,,,
14,1,0.02,4.632242666262275e-06,166.67757606506348,82.85246086120605,0.0,4191.255859375,,,,
15,1,0.02,4.941058844013093e-06,151.6902878705193,75.8418300853056,0.0,3792.423023897059,,,,
16,1,0.02,5.249875021763911e-06,162.2700571332659,82.93229130336216,0.0,3966.8885323660716,,,,
17,1,0.02,5.55869119951473e-06,163.86853814894152,85.55164066437752,0.0,3915.8449470766127,,,,
18,1,0.02,5.867507377265548e-06,142.3604474748884,74.76168648856027,0.0,3379.9382254464285,,,,
19,1,0.02,6.176323555016367e-06,145.1554657907197,77.3676748564749,0.0,3389.389678030303,,,,
20,1,0.02,6.4851397327671845e-06,141.79715983072916,77.40242420543323,0.0,3219.7368607954545,,,,
21,1,0.02,6.793955910518003e-06,127.92534702845983,69.46398402622768,0.0,2923.0681919642857,,,,
22,1,0.02,7.1027720882688215e-06,128.31731459673713,71.5020590389476,0.0,2840.762752757353,,,,
23,1,0.02,7.411588266019639e-06,127.42184448242188,72.286208152771,0.0,2756.7817993164062,,,,
24,1,0.02,7.720404443770459e-06,118.75505297111742,68.44773818507339,0.0,2515.3657966382575,,,,
25,1,0.02,8.029220621521276e-06,112.85838826497395,66.62467702229817,0.0,2311.6857096354165,,,,
26,1,0.02,8.338036799272096e-06,126.93727416992188,77.25744934082032,0.0,2483.9912109375,,,,
27,1,0.02,8.646852977022913e-06,113.66682202888258,69.94254649769177,0.0,2186.213985558712,,,,
28,1,0.02,8.955669154773731e-06,97.56644134521484,60.24463424682617,0.0,1866.090478515625,,,,
29,1,0.02,9.079195625874058e-06,97.56644134521484,60.24463424682617,0.0,1866.090478515625,85.79483024597168,67.82023094177246,0.0,898.7300146484375
30,2,0.04,9.388011803624876e-06,90.6539784093057,58.25149634576613,0.0,810.0620904737904,,,,
31,2,0.04,9.696827981375695e-06,80.61299472384982,51.81844160291884,0.0,719.8638644748264,,,,
32,2,0.04,1.0005644159126515e-05,87.34879622920867,59.42954377205141,0.0,697.9812405493951,,,,
33,2,0.04,1.0314460336877332e-05,75.10411834716797,51.926731533474396,0.0,579.4346720377604,,,,
34,2,0.04,1.062327651462815e-05,76.14411882672991,54.01401541573661,0.0,553.2526088169643,,,,
35,2,0.04,1.093209269237897e-05,71.46619484641336,51.35793327562737,0.0,502.70656516335225,,,,
36,2,0.04,1.1240908870129787e-05,64.33804999457465,46.50854068332248,0.0,445.73773871527777,,,,
37,2,0.04,1.1549725047880606e-05,70.208982406124,52.81137134182838,0.0,434.9402643019153,,,,
38,2,0.04,1.1858541225631424e-05,69.3873643875122,53.56813144683838,0.0,395.48085021972656,,,,
39,2,0.04,1.2167357403382242e-05,69.48921966552734,53.57476615905762,0.0,397.8613586425781,,,,
40,2,0.04,1.2476173581133061e-05,67.34858417510986,53.184494972229004,0.0,354.1022262573242,,,,
41,2,0.04,1.2784989758883879e-05,60.12619646857767,47.0500389547909,0.0,326.9039306640625,,,,
42,2,0.04,1.3093805936634696e-05,63.97401338465073,51.030792236328125,0.0,323.5805448644301,,,,
43,2,0.04,1.3402622114385516e-05,58.86534028894761,46.852062449735755,0.0,300.3319666245404,,,,
44,2,0.04,1.3711438292136333e-05,62.34592392865349,51.26040110868566,0.0,277.1380615234375,,,,
45,2,0.04,1.4020254469887151e-05,56.391210382634945,46.145960027521305,0.0,256.1312773733428,,,,
46,2,0.04,1.432907064763797e-05,58.001650641946235,48.23261934168198,0.0,244.22581212660845,,,,
47,2,0.04,1.4637886825388788e-05,52.475917392306854,43.551856994628906,0.0,223.10151841905383,,,,
48,2,0.04,1.4946703003139606e-05,51.88478567940848,43.538056291852676,0.0,208.66820591517856,,,,
49,2,0.04,1.5255519180890425e-05,52.996378580729164,45.0417734781901,0.0,198.8651326497396,,,,
50,2,0.04,1.5564335358641243e-05,49.33113221864443,42.183691076330234,0.0,178.6860153610642,,,,
51,2,0.04,1.5873151536392062e-05,50.10950449350718,43.232614053262246,0.0,171.92228410050674,,,,
52,2,0.04,1.618196771414288e-05,53.44069576263428,46.319000244140625,0.0,178.04242134094238,,,,
53,2,0.04,1.6490783891893698e-05,50.67167432380445,44.22199596058238,0.0,161.2419637044271,,,,
54,2,0.04,1.6799600069644517e-05,49.31657852665071,43.28195977980091,0.0,150.8654982043851,,,,
55,2,0.04,1.7108416247395336e-05,45.15889892578125,39.711294991629465,0.0,136.19010009765626,,,,
56,2,0.04,1.7417232425146152e-05,48.11748165554471,42.93158891465929,0.0,129.64730156792535,,,,
57,2,0.04,1.772604860289697e-05,48.43817677217371,43.26122687844669,0.0,129.42374734317556,,,,
58,2,0.04,1.803486478064779e-05,44.515841238839286,40.1027086530413,0.0,110.32831508091517,,,,
59,2,0.04,1.8158391251748117e-05,44.515841238839286,40.1027086530413,0.0,110.32831508091517,51.526263580322265,46.681589012146,0.0,121.11686492919922
60,3,0.06,1.8467207429498936e-05,44.45475202287946,37.98805236816406,0.0,107.77834298270089,,,,
61,3,0.06,1.8776023607249752e-05,41.4764153896234,35.50687858385918,0.0,99.49226731520433,,,,
62,3,0.06,1.908483978500057e-05,43.487636021205354,37.77075631277902,0.0,95.2813214983259,,,,
63,3,0.06,1.939365596275139e-05,47.71978574810606,42.15635311242306,0.0,92.72388989997633,,,,
64,3,0.06,1.970247214050221e-05,44.01442586964574,39.09121191090551,0.0,82.0535633481782,,,,
65,3,0.06,2.001128831825303e-05,48.07707500457764,43.057838916778564,0.0,83.65393352508545,,,,
66,3,0.06,2.0320104496003845e-05,47.11990805233226,42.40674142276539,0.0,78.55278463924633,,,,
67,3,0.06,2.0628920673754665e-05,41.186238905962774,37.311950234805835,0.0,64.57147665584789,,,,
68,3,0.06,2.0937736851505484e-05,44.18209099047112,40.3717734596946,0.0,63.50529248786695,,,,
69,3,0.06,2.12465530292563e-05,39.27920235527886,35.74478107028537,0.0,58.907017178005646,,,,
70,3,0.06,2.155536920700712e-05,43.56266425637638,40.133453369140625,0.0,57.15350700827206,,,,
71,3,0.06,2.186418538475794e-05,43.47951900597775,40.1478095777107,0.0,55.52850341796875,,,,
72,3,0.06,2.2173001562508755e-05,39.66954713709214,36.55065424302045,0.0,51.98154943129595,,,,
73,3,0.06,2.2481817740259574e-05,35.292430980785475,32.56010024612014,0.0,45.538848876953125,,,,
74,3,0.06,2.279063391801039e-05,46.48679421164773,42.97188267563329,0.0,58.581854617956914,,,,
75,3,0.06,2.3099450095761213e-05,40.53323015485491,37.68332693917411,0.0,47.49837036132813,,,,
76,3,0.06,2.340826627351203e-05,44.04898302482836,41.37624937115294,0.0,44.545568292791195,,,,
77,3,0.06,2.3717082451262848e-05,39.72297795613607,36.8217519124349,0.0,48.35376485188802,,,,
78,3,0.06,2.4025898629013664e-05,36.18181440565321,33.85535642835829,0.0,38.77430555555556,,,,
79,3,0.06,2.4334714806764483e-05,37.53178536551339,35.112487357003346,0.0,40.32163696289062,,,,
80,3,0.06,2.4643530984515306e-05,46.99933601148201,44.350764419093274,0.0,44.14284908410275,,,,
81,3,0.06,2.4952347162266122e-05,36.61604690551758,34.56766891479492,0.0,34.13963317871094,,,,
82,3,0.06,2.5261163340016938e-05,40.074967302594864,37.84690900530134,0.0,37.134308733258926,,,,
83,3,0.06,2.5569979517767758e-05,41.30104064941406,38.90200449625651,0.0,39.983941141764326,,,,
84,3,0.06,2.5878795695518574e-05,40.26403634207589,37.855966622488836,0.0,40.13449794224331,,,,
85,3,0.06,2.6187611873269393e-05,46.53186970372354,44.1537593718498,0.0,39.63516727570565,,,,
86,3,0.06,2.6496428051020216e-05,40.6149045158835,38.39295690199908,0.0,37.032461278578815,,,,
87,3,0.06,2.680524422877103e-05,37.819548662971044,35.69973440731273,0.0,35.33024013743681,,,,
88,3,0.06,2.711406040652185e-05,39.71981991038603,37.68259250416475,0.0,33.95378112792969,,,,
89,3,0.06,2.7237586877622173e-05,39.71981991038603,37.68259250416475,0.0,33.95378112792969,44.28490550994873,42.01717864990234,0.0,37.79545074462891
90,4,0.08,2.7546403055372996e-05,39.86519892075483,36.96552366368911,0.0,36.245941162109375,,,,
91,4,0.08,2.7855219233123815e-05,38.960778180290674,36.39129100126379,0.0,32.118589513442096,,,,
92,4,0.08,2.816403541087463e-05,35.656073252360024,33.27975930107964,0.0,29.703919304741753,,,,
93,4,0.08,2.847285158862545e-05,37.87803649902344,35.329488118489586,0.0,31.856851789686417,,,,
94,4,0.08,2.8781667766376267e-05,42.10302291377898,39.879543181388605,0.0,27.793500346522176,,,,
95,4,0.08,2.9090483944127086e-05,37.24870392770478,34.89157936789773,0.0,29.464057691169508,,,,
96,4,0.08,2.9399300121877905e-05,41.2798993340854,38.789640229323815,0.0,31.12823907260237,,,,
97,4,0.08,2.9708116299628725e-05,36.44061140580611,34.44458562677557,0.0,24.95032570578835,,,,
98,4,0.08,3.001693247737954e-05,37.913184837058736,35.71315553453233,0.0,27.500367482503254,,,,
99,4,0.08,3.032574865513036e-05,35.16357421875,33.319544315338135,0.0,23.050368785858154,,,,
100,4,0.08,3.0634564832881176e-05,34.83576511692356,33.023839589711784,0.0,22.649075069942988,,,,
101,4,0.08,3.094338101063199e-05,40.217563975941054,38.20911661783854,0.0,25.105588739568535,,,,
102,4,0.08,3.1252197188382815e-05,36.768890380859375,34.611897786458336,0.0,26.96240234375,,,,
103,4,0.08,3.156101336613363e-05,35.992150200737846,33.948997497558594,0.0,25.5394041273329,,,,
104,4,0.08,3.1869829543884453e-05,35.629330803366265,33.691298092112824,0.0,24.22541135900161,,,,
105,4,0.08,3.217864572163527e-05,36.1374257405599,34.33036434289181,0.0,22.588276718602035,,,,
106,4,0.08,3.2487461899386085e-05,32.527063871684824,30.73850571481805,0.0,22.35697455155222,,,,
107,4,0.08,3.27962780771369e-05,39.1653174198035,37.24051874334162,0.0,24.059988310842805,,,,
108,4,0.08,3.3105094254887724e-05,31.98618643624442,30.1926753452846,0.0,22.41889386858259,,,,
109,4,0.08,3.341391043263855e-05,31.401915232340496,29.53263939751519,0.0,23.365948994954426,,,,
110,4,0.08,3.372272661038936e-05,37.78857960420496,35.66944615981158,0.0,26.489166259765625,,,,
111,4,0.08,3.403154278814018e-05,28.110719045003254,26.52795622083876,0.0,19.7845401763916,,,,
112,4,0.08,3.4340358965890995e-05,37.56398907829733,35.437265283921185,0.0,26.58405528349035,,,,
113,4,0.08,3.464917514364181e-05,26.843644304973324,25.112495608446075,0.0,21.639356287514293,,,,
114,4,0.08,3.4957991321392634e-05,33.6805147113222,31.816833033706203,0.0,23.29602744362571,,,,
115,4,0.08,3.5266807499143456e-05,35.07653681437174,33.019559648301865,0.0,25.712216271294487,,,,
116,4,0.08,3.557562367689427e-05,33.68243015834263,31.812668282645088,0.0,23.372022792271206,,,,
117,4,0.08,3.588443985464509e-05,36.59944291548295,34.67003377278646,0.0,24.117617982806582,,,,
118,4,0.08,3.6193256032395904e-05,34.09214782714844,32.44553398363518,0.0,20.58268182927912,,,,
119,4,0.08,3.631678250349623e-05,34.09214782714844,32.44553398363518,0.0,20.58268182927912,41.706162109375,39.78876575469971,0.0,23.96745548248291
120,5,0.1,3.6625598681247056e-05,36.529334283644154,34.098749468403476,0.0,24.305855289582283,,,,
121,5,0.1,3.693441485899787e-05,31.407976935891543,29.375009424546185,0.0,20.32967264512006,,,,
122,5,0.1,3.724323103674869e-05,31.308312552315847,29.317979213169643,0.0,19.903333827427456,,,,
123,5,0.1,3.7552047214499504e-05,39.70864200592041,37.412142753601074,0.0,22.964990615844727,,,,
124,5,0.1,3.786086339225033e-05,30.504914177788628,28.30883746676975,0.0,21.960765838623047,,,,
125,5,0.1,3.816967957000114e-05,32.56209019252232,30.782593645368305,0.0,17.79496372767857,,,,
126,5,0.1,3.8478495747751965e-05,36.089170886624245,33.43163028840096,0.0,26.575404505575857,,,,
127,5,0.1,3.878731192550278e-05,31.15471568860506,28.96040866249486,0.0,21.943068253366572,,,,
128,5,0.1,3.90961281032536e-05,33.000497705796185,30.872841778923483,0.0,21.27655298569623,,,,
129,5,0.1,3.940494428100442e-05,30.05462858412001,28.220768398708767,0.0,18.338599522908527,,,,
130,5,0.1,3.9713760458755236e-05,36.21090653363396,34.09303238812615,0.0,21.17874100629021,,,,
131,5,0.1,4.002257663650606e-05,34.0652803363222,31.95282352331913,0.0,21.124563506155305,,,,
132,5,0.1,4.0331392814256875e-05,30.36573706732856,28.201280805799698,0.0,21.644563886854385,,,,
133,5,0.1,4.064020899200769e-05,34.994487626211985,32.65974140167236,0.0,23.347460065569198,,,,
134,5,0.1,4.094902516975851e-05,33.9065434047154,31.61720668247768,0.0,22.89337158203125,,,,
135,5,0.1,4.125784134750933e-05,30.375990616647822,28.625511972527754,0.0,17.50478885048314,,,,
136,5,0.1,4.1566657525260145e-05,32.4903652306759,30.594789447206438,0.0,18.95575829708215,,,,
137,5,0.1,4.187547370301097e-05,36.91703565192945,34.61584796327533,0.0,23.011871337890625,,,,
138,5,0.1,4.2184289880761784e-05,34.112673591164985,31.732534520766315,0.0,23.801388011259192,,,,
139,5,0.1,4.24931060585126e-05,31.578223975929053,29.474804027660472,0.0,21.034202781883447,,,,
140,5,0.1,4.2801922236263416e-05,34.067385124437735,32.09788466944839,0.0,19.695004087505918,,,,
141,5,0.1,4.311073841401424e-05,33.77403163909912,31.963016510009766,0.0,18.11015248298645,,,,
142,5,0.1,4.3419554591765055e-05,30.172978120691635,28.50478811825023,0.0,16.681903839111328,,,,
143,5,0.1,4.372837076951588e-05,34.964109897613525,33.35307598114014,0.0,16.11034107208252,,,,
144,5,0.1,4.4037186947266694e-05,31.760273204130286,30.056103425867416,0.0,17.041698680204505,,,,
145,5,0.1,4.434600312501751e-05,33.62429343329536,31.899486541748047,0.0,17.248057047526043,,,,
146,5,0.1,4.4654819302768325e-05,31.168266090186865,29.50409100506757,0.0,16.64174878919447,,,,
147,5,0.1,4.496363548051915e-05,38.14965032762097,36.25546412314138,0.0,18.941854415401334,,,,
148,5,0.1,4.5272451658269964e-05,27.670597076416016,26.209048800998264,0.0,14.615481270684135,,,,
149,5,0.1,4.53959781293703e-05,27.670597076416016,26.209048800998264,0.0,14.615481270684135,40.09680835723877,38.131575393676755,0.0,19.652327690124512
150,6,0.12000000000000001,4.5704794307121116e-05,29.8072993687221,27.867909022739955,0.0,16.16158469063895,,,,
151,6,0.12000000000000001,4.601361048487193e-05,34.27613876342773,32.31303329467774,0.0,16.359212112426757,,,,
152,6,0.12000000000000001,4.632242666262275e-05,31.81749231675092,29.712353425867416,0.0,17.54282222074621,,,,
153,6,0.12000000000000001,4.663124284037357e-05,29.107805464002823,27.19307369656033,0.0,15.956093682183159,,,,
154,6,0.12000000000000001,4.694005901812439e-05,33.37261824174361,31.101383556019176,0.0,18.92695478959517,,,,
155,6,0.12000000000000001,4.72488751958752e-05,31.87942635672433,29.773279680524553,0.0,17.5512204851423,,,,
156,6,0.12000000000000001,4.755769137362602e-05,33.484543671479095,31.15310792665224,0.0,19.428636499353356,,,,
157,6,0.12000000000000001,4.7866507551376835e-05,31.727444817038144,29.565185995662915,0.0,18.0188253066119,,,,
158,6,0.12000000000000001,4.817532372912766e-05,37.01403598127694,34.64426553660426,0.0,19.748085021972656,,,,
159,6,0.12000000000000001,4.848413990687847e-05,31.53358320756392,29.092041940400094,0.0,20.346173373135652,,,,
160,6,0.12000000000000001,4.87929560846293e-05,28.536266551298255,26.347058913286993,0.0,18.24339720782112,,,,
161,6,0.12000000000000001,4.910177226238012e-05,27.49125069066098,25.64787613718133,0.0,15.361454411556846,,,,
162,6,0.12000000000000001,4.9410588440130935e-05,25.926302110826647,24.358026040566934,0.0,13.068967045964422,,,,
163,6,0.12000000000000001,4.971940461788175e-05,33.1428804397583,31.2349534034729,0.0,15.899390459060669,,,,
164,6,0.12000000000000001,5.002822079563257e-05,29.41043178013393,27.656605747767856,0.0,14.61522216796875,,,,
165,6,0.12000000000000001,5.033703697338339e-05,35.378282489198625,33.11564266320431,0.0,18.85533396402995,,,,
166,6,0.12000000000000001,5.0645853151134205e-05,28.281169582057643,26.253388275971282,0.0,16.898180368784313,,,,
167,6,0.12000000000000001,5.095466932888502e-05,36.297740127101086,34.509989420572914,0.0,14.897926330566406,,,,
168,6,0.12000000000000001,5.126348550663584e-05,32.29246027329389,30.28117505241843,0.0,16.76071122113396,,,,
169,6,0.12000000000000001,5.157230168438666e-05,28.004907047047336,26.049560995662915,0.0,16.294554766486673,,,,
170,6,0.12000000000000001,5.1881117862137476e-05,35.108818502987134,33.02325439453125,0.0,17.379702848546646,,,,
171,6,0.12000000000000001,5.21899340398883e-05,34.151035193241,32.30720566258286,0.0,15.36524385394472,,,,
172,6,0.12000000000000001,5.249875021763912e-05,32.33283124651228,30.583510044642857,0.0,14.577674429757254,,,,
173,6,0.12000000000000001,5.280756639538994e-05,26.67171825062145,24.993896484375,0.0,13.981851288766572,,,,
174,6,0.12000000000000001,5.3116382573140754e-05,32.54529302260455,30.797866372501147,0.0,14.561890321619371,,,,
175,6,0.12000000000000001,5.342519875089157e-05,24.005531104835303,22.282857121648014,0.0,14.35561803869299,,,,
176,6,0.12000000000000001,5.373401492864239e-05,27.983323015485492,26.22867911202567,0.0,14.622032383510044,,,,
177,6,0.12000000000000001,5.404283110639321e-05,30.17428414481027,28.557354736328126,0.0,13.474407523018973,,,,
178,6,0.12000000000000001,5.4351647284144024e-05,35.42846632003784,33.51652717590332,0.0,15.932827472686768,,,,
179,6,0.12000000000000001,5.4475173755244347e-05,35.42846632003784,33.51652717590332,0.0,15.932827472686768,39.77582542419434,37.95975067138672,0.0,15.133957824707032
180,7,0.13999999999999999,5.478398993299517e-05,33.92759753811744,31.777430872763357,0.0,15.358333587646484,,,,
181,7,0.13999999999999999,5.509280611074599e-05,26.70020562249261,24.62013038429054,0.0,14.857679418615392,,,,
182,7,0.13999999999999999,5.540162228849681e-05,26.281511194565716,24.12749256807215,0.0,15.385846979477826,,,,
183,7,0.13999999999999999,5.571043846624763e-05,32.81134080886841,30.79258632659912,0.0,14.419673681259155,,,,
184,7,0.13999999999999999,5.601925464399845e-05,27.323760562472874,25.82599385579427,0.0,10.698334164089626,,,,
185,7,0.13999999999999999,5.632807082174926e-05,27.66679516960593,26.183186699362363,0.0,10.597205330343808,,,,
186,7,0.13999999999999999,5.663688699950008e-05,24.06006519214527,22.57003825419658,0.0,10.643049291662267,,,,
187,7,0.13999999999999999,5.69457031772509e-05,30.98188647101907,29.12832462086397,0.0,13.2397263470818,,,,
188,7,0.13999999999999999,5.725451935500172e-05,27.226958403716218,25.50584617820946,0.0,12.293658282305744,,,,
189,7,0.13999999999999999,5.756333553275253e-05,26.51889928181966,24.886542002360027,0.0,11.659695943196615,,,,
190,7,0.13999999999999999,5.787215171050335e-05,30.848217668204473,28.869992880985656,0.0,14.130174307987607,,,,
191,7,0.13999999999999999,5.818096788825417e-05,35.073502079133064,33.09409849105343,0.0,14.13859865742345,,,,
192,7,0.13999999999999999,5.848978406600499e-05,26.431556483677454,24.594325474330358,0.0,13.123075866699219,,,,
193,7,0.13999999999999999,5.879860024375581e-05,28.391383002786075,26.60383067411535,0.0,12.76823200899012,,,,
194,7,0.13999999999999999,5.9107416421506634e-05,29.678881925695084,27.928091610179226,0.0,12.505642161649817,,,,
195,7,0.13999999999999999,5.941623259925745e-05,26.6396484375,24.986616837350947,0.0,11.807365618254009,,,,
196,7,0.13999999999999999,5.9725048777008265e-05,28.805942959255642,27.01185480753581,0.0,12.814914067586264,,,,
197,7,0.13999999999999999,6.003386495475908e-05,28.684545805959992,26.902100534150094,0.0,12.731753493800309,,,,
198,7,0.13999999999999999,6.0342681132509904e-05,29.775020823759192,28.00364954331342,0.0,12.652655657599954,,,,
199,7,0.13999999999999999,6.065149731026072e-05,29.87245896283318,28.235707451315488,0.0,11.691088956945082,,,,
200,7,0.13999999999999999,6.0960313488011536e-05,24.559449937608505,22.73944642808702,0.0,13.000023947821724,,,,
201,7,0.13999999999999999,6.126912966576235e-05,29.51138398141572,27.73646591648911,0.0,12.677982214725379,,,,
202,7,0.13999999999999999,6.157794584351317e-05,24.87947780064174,23.279728044782367,0.0,11.426784406389508,,,,
203,7,0.13999999999999999,6.188676202126398e-05,31.301796653053977,29.65243114124645,0.0,11.781179023511482,,,,
204,7,0.13999999999999999,6.219557819901481e-05,37.07919409967238,35.07795715332031,0.0,14.29454581968246,,,,
205,7,0.13999999999999999,6.250439437676563e-05,32.96577453613281,30.928431193033855,0.0,14.552450931433475,,,,
206,7,0.13999999999999999,6.281321055451645e-05,28.271028923265863,26.52043244332978,0.0,12.50426043886127,,,,
207,7,0.13999999999999999,6.312202673226726e-05,29.46975800485322,27.65810001257694,0.0,12.940412116773201,,,,
208,7,0.13999999999999999,6.343084291001809e-05,29.207551898378313,27.597380204634234,0.0,11.501224171031605,,,,
209,7,0.13999999999999999,6.35543693811184e-05,29.207551898378313,27.597380204634234,0.0,11.501224171031605,37.18182132720947,35.32772266387939,0.0,13.243562049865723
210,8,0.16,6.386318555886922e-05,26.46924660422585,24.423602017489348,0.0,12.785279476281369,,,,
211,8,0.16,6.417200173662005e-05,26.269124648150274,24.152294158935547,0.0,13.230188706341911,,,,
212,8,0.16,6.448081791437087e-05,29.83579792695887,27.417248445398666,0.0,15.11593515732709,,,,
213,8,0.16,6.478963409212168e-05,31.79989279470136,29.448530627835183,0.0,14.69601538873488,,,,
214,8,0.16,6.509845026987251e-05,28.13927484327747,25.93160863076487,0.0,13.797913335984752,,,,
215,8,0.16,6.540726644762333e-05,26.573290738192473,24.74500274658203,0.0,11.426804051254734,,,,
216,8,0.16,6.571608262537415e-05,27.83764727362271,25.896510946339575,0.0,12.132101453583816,,,,
217,8,0.16,6.602489880312496e-05,31.403068093692553,29.520905438591452,0.0,11.763518501730527,,,,
218,8,0.16,6.633371498087578e-05,25.005835215250652,23.16784922281901,0.0,11.48741340637207,,,,
219,8,0.16,6.66425311586266e-05,33.57791798909505,31.275611368815103,0.0,14.389414978027343,,,,
220,8,0.16,6.695134733637741e-05,28.97739202325994,27.039236357717805,0.0,12.113474065607244,,,,
221,8,0.16,6.726016351412823e-05,34.08351182937622,31.818703174591064,0.0,14.155054092407227,,,,
222,8,0.16,6.756897969187904e-05,23.48142015611803,21.750140215899492,0.0,10.820500554265204,,,,
223,8,0.16,6.787779586962987e-05,27.282036276424634,25.45562519746668,0.0,11.415070253259996,,,,
224,8,0.16,6.818661204738069e-05,26.98721226283482,25.360264805385043,0.0,10.16842302594866,,,,
225,8,0.16,6.84954282251315e-05,24.452446432674634,22.969301784739773,0.0,9.269652647130629,,,,
226,8,0.16,6.880424440288233e-05,27.048003252814798,25.57481631110696,0.0,9.207417880787569,,,,
227,8,0.16,6.911306058063315e-05,30.728594693270598,29.170872543797348,0.0,9.73576493696733,,,,
228,8,0.16,6.942187675838396e-05,25.369634840223526,23.74190351698134,0.0,10.173324796888563,,,,
229,8,0.16,6.973069293613478e-05,27.198431127211627,25.533491246840534,0.0,10.40587458891027,,,,
230,8,0.16,7.00395091138856e-05,23.117610730622943,21.380690323679072,0.0,10.855756860030326,,,,
231,8,0.16,7.034832529163641e-05,28.29183017506319,26.708354276769303,0.0,9.896724700927734,,,,
232,8,0.16,7.065714146938723e-05,23.56525362454928,21.74559568747496,0.0,11.372865530160757,,,,
233,8,0.16,7.096595764713804e-05,21.905656144425677,20.375666850322002,0.0,9.562434016047296,,,,
234,8,0.16,7.127477382488887e-05,24.426846672506894,22.57000956815832,0.0,11.605227077708525,,,,
235,8,0.16,7.158359000263969e-05,28.944974494702887,27.26826153379498,0.0,10.47945565888376,,,,
236,8,0.16,7.18924061803905e-05,27.02938014439174,25.44727783203125,0.0,9.888136073521204,,,,
237,8,0.16,7.220122235814132e-05,29.272263035629734,27.708993622750945,0.0,9.77043394608931,,,,
238,8,0.16,7.251003853589215e-05,24.239712609185112,22.713817596435547,0.0,9.536842770046658,,,,
239,8,0.16,7.263356500699247e-05,24.239712609185112,22.713817596435547,0.0,9.536842770046658,36.93516464233399,34.94927196502685,0.0,12.411828575134278
240,9,0.18,7.29423811847433e-05,32.354864501953124,30.105267842610676,0.0,12.497757466634114,,,,
241,9,0.18,7.325119736249411e-05,28.408795443448152,26.111548683860086,0.0,12.762479146321615,,,,
242,9,0.18,7.356001354024493e-05,24.77740434919085,22.828622218540737,0.0,10.826565333775111,,,,
243,9,0.18,7.386882971799574e-05,27.861454554966517,25.443555995396206,0.0,13.432768249511719,,,,
244,9,0.18,7.417764589574656e-05,24.717394854571367,23.014449660842484,0.0,9.460806563093856,,,,
245,9,0.18,7.448646207349738e-05,24.974206812241498,23.079936756807214,0.0,10.523720685173483,,,,
246,9,0.18,7.479527825124819e-05,22.299135362779772,20.530508711531354,0.0,9.825705760234111,,,,
247,9,0.18,7.510409442899901e-05,26.64656945430871,24.707825169418797,0.0,10.77080350933653,,,,
248,9,0.18,7.541291060674984e-05,26.609209537506104,25.00120449066162,0.0,8.933361172676086,,,,
249,9,0.18,7.572172678450065e-05,25.95990278914168,24.361564430030615,0.0,8.879657332961624,,,,
250,9,0.18,7.603054296225147e-05,29.8667317143193,27.39486383508753,0.0,13.732596432721174,,,,
251,9,0.18,7.633935914000229e-05,23.35790212530839,21.146534568385075,0.0,12.285375695479544,,,,
252,9,0.18,7.664817531775311e-05,24.64352504185268,22.50236075265067,0.0,11.895356096540178,,,,
253,9,0.18,7.695699149550393e-05,32.10341619676159,29.788240494266635,0.0,12.862087865029611,,,,
254,9,0.18,7.726580767325475e-05,23.872399648030598,22.001961178249783,0.0,10.391324785020617,,,,
255,9,0.18,7.757462385100556e-05,27.887173820944394,25.98815424302045,0.0,10.550112331614775,,,,
256,9,0.18,7.788344002875638e-05,29.509104410807293,27.522306962446734,0.0,11.03776504054214,,,,
257,9,0.18,7.81922562065072e-05,26.930178255648226,25.114324621252113,0.0,10.088075998667124,,,,
258,9,0.18,7.850107238425801e-05,29.63585138320923,27.31901741027832,0.0,12.871299028396606,,,,
259,9,0.18,7.880988856200884e-05,27.529117329915366,25.63615214029948,0.0,10.51647211710612,,,,
260,9,0.18,7.911870473975966e-05,25.52321497599284,23.87989764743381,0.0,9.129540549384224,,,,
261,9,0.18,7.942752091751047e-05,26.54762244947029,24.577830921519887,0.0,10.943286548961293,,,,
262,9,0.18,7.973633709526129e-05,28.05200419706457,26.412274753346164,0.0,9.109605564790613,,,,
263,9,0.18,8.004515327301212e-05,21.311478109920728,19.837636835434857,0.0,8.18800578397863,,,,
264,9,0.18,8.035396945076293e-05,29.01812219619751,26.877212524414062,0.0,11.893941283226013,,,,
265,9,0.18,8.066278562851375e-05,24.47750515407986,22.81650882297092,0.0,9.227758937411839,,,,
266,9,0.18,8.097160180626457e-05,25.87565438406808,24.30002964564732,0.0,8.75347191946847,,,,
267,9,0.18,8.128041798401538e-05,26.620299395392923,24.79168970444623,0.0,10.158943064072552,,,,
268,9,0.18,8.15892341617662e-05,26.054366629464287,24.476458304268974,0.0,8.766155787876674,,,,
269,9,0.18,8.171276063286654e-05,26.054366629464287,24.476458304268974,0.0,8.766155787876674,37.47976119995117,35.87046535491943,0.0,8.940532579421998
270,10,0.19999999999999998,8.202157681061736e-05,30.823584194841057,28.80939615183863,0.0,10.070939294223127,,,,
271,10,0.19999999999999998,8.233039298836817e-05,21.470388950445713,19.475389529497196,0.0,9.974993779109074,,,,
272,10,0.19999999999999998,8.263920916611899e-05,22.56169220895478,20.575318307587594,0.0,9.931869506835938,,,,
273,10,0.19999999999999998,8.29480253438698e-05,22.579613167898994,20.860435703822546,0.0,8.59588873726981,,,,
274,10,0.19999999999999998,8.325684152162062e-05,27.082033099550188,25.367997140595406,0.0,8.570180257161459,,,,
275,10,0.19999999999999998,8.356565769937144e-05,20.711147411449534,19.141036987304688,0.0,7.850552842423722,,,,
276,10,0.19999999999999998,8.387447387712225e-05,23.81032652013442,22.19029909021714,0.0,8.100136812995462,,,,
277,10,0.19999999999999998,8.418329005487307e-05,25.983030377012312,24.09651623350201,0.0,9.43257037076083,,,,
278,10,0.19999999999999998,8.44921062326239e-05,22.283616807725693,20.591398027208115,0.0,8.461096021864149,,,,
279,10,0.19999999999999998,8.480092241037471e-05,24.823349237442017,22.961127519607544,0.0,9.311108946800232,,,,
280,10,0.19999999999999998,8.510973858812553e-05,22.667188807896206,21.01368451799665,0.0,8.267521013532367,,,,
281,10,0.19999999999999998,8.541855476587636e-05,26.359435558319092,24.832032680511475,0.0,7.637012839317322,,,,
282,10,0.19999999999999998,8.572737094362717e-05,24.189823150634766,22.844671361586627,0.0,6.725759955013499,,,,
283,10,0.19999999999999998,8.603618712137799e-05,36.15746561686198,34.263658142089845,0.0,9.469035975138347,,,,
284,10,0.19999999999999998,8.63450032991288e-05,24.62761354446411,22.977229118347168,0.0,8.251923322677612,,,,
285,10,0.19999999999999998,8.665381947687961e-05,21.25083401328639,19.773523832622327,0.0,7.386549899452611,,,,
286,10,0.19999999999999998,8.696263565463043e-05,23.630442592075894,22.137577601841517,0.0,7.4643221173967635,,,,
287,10,0.19999999999999998,8.727145183238127e-05,26.733611076108872,25.197143800797,0.0,7.682338345435358,,,,
288,10,0.19999999999999998,8.758026801013208e-05,23.35284185409546,21.764546632766724,0.0,7.941477537155151,,,,
289,10,0.19999999999999998,8.78890841878829e-05,21.48650174527555,19.676694715345228,0.0,9.04903422175227,,,,
290,10,0.19999999999999998,8.819790036563372e-05,21.212981352934968,19.858811249604095,0.0,6.770851135253906,,,,
291,10,0.19999999999999998,8.850671654338453e-05,28.371358086081113,27.028000775505514,0.0,6.716787338256836,,,,
292,10,0.19999999999999998,8.881553272113536e-05,23.643762642996652,22.046044485909597,0.0,7.988594164167131,,,,
293,10,0.19999999999999998,8.912434889888618e-05,26.618722098214285,24.792476545061383,0.0,9.131230926513672,,,,
294,10,0.19999999999999998,8.9433165076637e-05,30.44510605755974,28.527636808507584,0.0,9.587345684275908,,,,
295,10,0.19999999999999998,8.974198125438781e-05,23.848380194769966,21.79415766398112,0.0,10.271113395690918,,,,
296,10,0.19999999999999998,9.005079743213863e-05,37.626127045730065,34.546704522494615,0.0,15.397110379975418,,,,
297,10,0.19999999999999998,9.035961360988944e-05,26.648742251926,24.443028344048393,0.0,11.028569327460396,,,,
298,10,0.19999999999999998,9.066842978764026e-05,27.81571081912879,25.70508321126302,0.0,10.553136189778646,,,,
299,10,0.19999999999999998,9.07919562587406e-05,27.81571081912879,25.70508321126302,0.0,10.553136189778646,36.42639965057373,34.49731266021728,0.0,9.645435628890992
300,11,0.22,9.110077243649142e-05,22.144580156375202,20.243624173677883,0.0,8.640708434276092,,,,
301,11,0.22,9.140958861424223e-05,24.189823375028723,22.52287427116843,0.0,7.577041401582606,,,,
302,11,0.22,9.171840479199305e-05,20.835704130284928,19.21629019344554,0.0,7.360971226411707,,,,
303,11,0.22,9.202722096974386e-05,23.932112722685844,22.074967355439156,0.0,8.441572131532611,,,,
304,11,0.22,9.233603714749468e-05,23.224483913845486,21.68471908569336,0.0,6.998932732476129,,,,
305,11,0.22,9.26448533252455e-05,27.744161987304686,25.51365000406901,0.0,10.138688405354818,,,,
306,11,0.22,9.295366950299631e-05,27.351045227050783,25.462866719563802,0.0,8.582628122965495,,,,
307,11,0.22,9.326248568074714e-05,25.48550827438767,23.620541134396113,0.0,8.477120167500264,,,,
308,11,0.22,9.357130185849796e-05,22.728285172406366,20.889019461239087,0.0,8.360299951889935,,,,
309,11,0.22,9.388011803624877e-05,23.818530082702637,22.172364711761475,0.0,7.4825708866119385,,,,
310,11,0.22,9.418893421399959e-05,22.95923475785689,21.3748955004143,0.0,7.201540166681463,,,,
311,11,0.22,9.44977503917504e-05,22.978420373165246,21.55419621323094,0.0,6.473745635061553,,,,
312,11,0.22,9.480656656950122e-05,27.283122207179215,25.34848993474787,0.0,8.79378451723041,,,,
313,11,0.22,9.511538274725204e-05,27.490697972914752,25.82587432861328,0.0,7.567380344166475,,,,
314,11,0.22,9.542419892500285e-05,21.766474272075452,20.20956059506065,0.0,7.076879200182463,,,,
315,11,0.22,9.573301510275367e-05,20.560569969383447,18.828556782490498,0.0,7.8727863414867505,,,,
316,11,0.22,9.60418312805045e-05,30.572837829589844,28.459587605794272,0.0,9.605683008829752,,,,
317,11,0.22,9.635064745825531e-05,24.36070713852391,22.821439338452887,0.0,6.996671040852864,,,,
318,11,0.22,9.665946363600613e-05,25.586304187774658,23.976527214050293,0.0,7.317166209220886,,,,
319,11,0.22,9.696827981375695e-05,25.91794720818015,24.14867311365464,0.0,8.042154760921703,,,,
320,11,0.22,9.727709599150778e-05,27.281864390653723,25.53573787913603,0.0,7.936939127304974,,,,
321,11,0.22,9.75859121692586e-05,20.946314493815105,19.088079403608273,0.0,8.446525475917719,,,,
322,11,0.22,9.789472834700942e-05,24.01598335714901,22.26739928301643,0.0,7.948109907262466,,,,
323,11,0.22,9.820354452476024e-05,22.5931676916174,21.098811793971706,0.0,6.792525832717483,,,,
324,11,0.22,9.851236070251105e-05,23.430895256273676,21.849699771765508,0.0,7.187250079530658,,,,
325,11,0.22,9.882117688026187e-05,27.14650045858847,25.69123345452386,0.0,6.6148506370750635,,,,
326,11,0.22,9.912999305801269e-05,28.32495253426688,26.937076841081893,0.0,6.308526379721505,,,,
327,11,0.22,9.94388092357635e-05,26.878772511201745,24.99884885900161,0.0,8.54510711221134,,,,
328,11,0.22,9.974762541351432e-05,21.551065063476564,19.902999441964287,0.0,7.491207994733538,,,,
329,11,0.22,9.987115188461463e-05,21.551065063476564,19.902999441964287,0.0,7.491207994733538,35.72472299575806,33.978764095306396,0.0,7.936176652908325
330,12,0.24,0.00010017996806236548,21.819821193300445,19.771521469642376,0.0,8.534582598456021,,,,
331,12,0.24,0.00010048878424011629,24.703997987689394,23.0139941591205,0.0,7.04168261903705,,,,
332,12,0.24,0.00010079760041786711,19.54133585337046,17.862917513460726,0.0,6.993409646523966,,,,
333,12,0.24,0.00010110641659561792,21.581608127903294,19.823354360219593,0.0,7.326057640281883,,,,
334,12,0.24,0.00010141523277336874,21.47207227434431,19.47305385044643,0.0,8.32924314226423,,,,
335,12,0.24,0.00010172404895111956,24.200357491629465,22.571254185267858,0.0,6.787929534912109,,,,
336,12,0.24,0.00010203286512887037,25.41367295209099,23.715359856100644,0.0,7.076304940616383,,,,
337,12,0.24,0.0001023416813066212,22.71243158976237,21.09915500217014,0.0,6.721985605027941,,,,
338,12,0.24,0.00010265049748437202,24.623067451245856,23.052551731918797,0.0,6.543815497196082,,,,
339,12,0.24,0.00010295931366212283,25.686899492817542,24.054562476373487,0.0,6.80140624507781,,,,
340,12,0.24,0.00010326812983987365,22.4820237159729,20.831156730651855,0.0,6.878610849380493,,,,
341,12,0.24,0.00010357694601762447,23.55485068427192,21.928063922458225,0.0,6.778277609083387,,,,
342,12,0.24,0.00010388576219537528,24.090628147125244,22.774434089660645,0.0,5.484143137931824,,,,
343,12,0.24,0.0001041945783731261,20.64417902628581,19.415915807088215,0.0,5.117763519287109,,,,
344,12,0.24,0.00010450339455087691,25.787432193756104,24.265342712402344,0.0,6.342040538787842,,,,
345,12,0.24,0.00010481221072862774,24.21321847098214,22.40818307059152,0.0,7.520979854038783,,,,
346,12,0.24,0.00010512102690637856,22.36929965019226,20.56345009803772,0.0,7.524373173713684,,,,
347,12,0.24,0.00010542984308412937,23.41862128762638,20.973867977366726,0.0,10.186473734238568,,,,
348,12,0.24,0.00010573865926188019,26.707755304151966,24.25941393452306,0.0,10.201425367786038,,,,
349,12,0.24,0.000106047475439631,21.79176679338728,19.975066484723772,0.0,7.569585963657924,,,,
350,12,0.24,0.00010635629161738182,23.220271519252233,21.269839259556363,0.0,8.126803043910435,,,,
351,12,0.24,0.00010666510779513264,22.390033721923828,20.770395914713543,0.0,6.748489803738064,,,,
352,12,0.24,0.00010697392397288345,22.869257899693082,21.03651319231306,0.0,7.636437007359096,,,,
353,12,0.24,0.0001072827401506343,21.974410085967094,20.243098865855824,0.0,7.213796788995916,,,,
354,12,0.24,0.00010759155632838511,24.47981834411621,23.079747676849365,0.0,5.833627879619598,,,,
355,12,0.24,0.00010790037250613593,22.937198292125355,21.640442356918797,0.0,5.403150269479463,,,,
356,12,0.24,0.00010820918868388675,23.125781589084202,21.759665383232964,0.0,5.692151599460178,,,,
357,12,0.24,0.00010851800486163756,20.104100407780827,18.607554049105257,0.0,6.235611477413693,,,,
358,12,0.24,0.00010882682103938838,24.212073189871653,22.746214076450894,0.0,6.107744761875698,,,,
359,12,0.24,0.00010895034751048869,24.212073189871653,22.746214076450894,0.0,6.107744761875698,36.113077049255374,34.44402112960815,0.0,6.954400615692139
360,13,0.26,0.00010925916368823952,21.712816074916294,19.90848955426897,0.0,6.939717102050781,,,,
361,13,0.26,0.00010956797986599034,23.894106472239773,21.63379399916705,0.0,8.693508372587317,,,,
362,13,0.26,0.00010987679604374115,22.39778576475201,20.407605026707504,0.0,7.654542518384529,,,,
363,13,0.26,0.00011018561222149198,24.075118001302084,22.536204274495443,0.0,5.918901697794596,,,,
364,13,0.26,0.0001104944283992428,20.436037468187738,18.869366270123106,0.0,6.025658173994585,,,,
365,13,0.26,0.00011080324457699362,20.62288055419922,19.17826167515346,0.0,5.556226021902901,,,,
366,13,0.26,0.00011111206075474445,20.580880906846787,19.129153145684135,0.0,5.583567301432292,,,,
367,13,0.26,0.00011142087693249526,21.868221956140854,20.48665147669175,0.0,5.313733381383559,,,,
368,13,0.26,0.00011172969311024608,21.58472357855903,20.223119099934895,0.0,5.236940330929226,,,,
369,13,0.26,0.0001120385092879969,19.20895799909319,17.779542759486606,0.0,5.4977520533970425,,,,
370,13,0.26,0.00011234732546574771,25.706757084015877,24.269574565272176,0.0,5.527623699557397,,,,
371,13,0.26,0.00011265614164349853,23.71755173627068,22.026272268856275,0.0,6.504920622881721,,,,
372,13,0.26,0.00011296495782124934,25.584773670543324,23.466235998905066,0.0,8.148222952178031,,,,
373,13,0.26,0.00011327377399900016,21.685535854763454,19.59289042154948,0.0,8.04863495296902,,,,
374,13,0.26,0.00011358259017675099,24.057413736979168,22.021078861120976,0.0,7.832058415268406,,,,
375,13,0.26,0.0001138914063545018,25.610025882720947,23.489057540893555,0.0,8.157572269439697,,,,
376,13,0.26,0.00011420022253225262,25.03995424158433,22.988217746510227,0.0,7.891294367173138,,,,
377,13,0.26,0.00011450903871000343,22.005161709255642,19.989138709174263,0.0,7.753935707939996,,,,
378,13,0.26,0.00011481785488775425,16.276363861866486,15.00943619165665,0.0,4.872798528426733,,,,
379,13,0.26,0.00011512667106550507,25.334265737822562,24.004097216057055,0.0,5.116032629302054,,,,
380,13,0.26,0.00011543548724325588,23.98761356238163,22.197612646854285,0.0,6.884621822472774,,,,
381,13,0.26,0.0001157443034210067,28.24544317072088,26.17385216915246,0.0,7.967658534194484,,,,
382,13,0.26,0.00011605311959875751,23.9602294921875,21.309176381429037,0.0,10.196359729766845,,,,
383,13,0.26,0.00011636193577650834,23.391944885253906,21.55326753504136,0.0,7.071836695951574,,,,
384,13,0.26,0.00011667075195425916,21.76352280836839,20.18887211726262,0.0,6.056348556127304,,,,
385,13,0.26,0.00011697956813200998,24.364897294477984,22.731603217847418,0.0,6.281901619651101,,,,
386,13,0.26,0.0001172883843097608,22.46106916155134,20.837190682547433,0.0,6.245686776297433,,,,
387,13,0.26,0.00011759720048751162,23.80076163155692,21.9889399937221,0.0,6.968546077183315,,,,
388,13,0.26,0.00011790601666526245,23.812387129839728,22.253052879782285,0.0,5.997440786922679,,,,
389,13,0.26,0.00011802954313636275,23.812387129839728,22.253052879782285,0.0,5.997440786922679,35.08209125518799,33.266014919281005,0.0,6.984909420013428
390,14,0.28,0.00011833835931411358,20.280685649198645,18.562238805434284,0.0,6.137308906106388,,,,
391,14,0.28,0.0001186471754918644,17.669773313734268,16.418644375271267,0.0,4.468319204118517,,,,
392,14,0.28,0.00011895599166961521,19.781900896344865,18.645577130998884,0.0,4.058299037388393,,,,
393,14,0.28,0.00011926480784736603,22.49470126990116,21.21039072672526,0.0,4.58682360793605,,,,
394,14,0.28,0.00011957362402511685,23.801424431078363,22.558695475260418,0.0,4.438319003943241,,,,
395,14,0.28,0.00011988244020286766,21.057738135842715,19.90606420180377,0.0,4.113121425404268,,,,
396,14,0.28,0.0001201912563806185,20.400030735560826,19.028118242536273,0.0,4.899686486380441,,,,
397,14,0.28,0.00012050007255836932,27.026851038778982,24.946241317256803,0.0,7.4307482319493445,,,,
398,14,0.28,0.00012080888873612014,21.84377959280303,19.799975655295633,0.0,7.29929932680997,,,,
399,14,0.28,0.00012111770491387095,24.272059585108902,22.029573845140863,0.0,8.008879228071732,,,,
400,14,0.28,0.00012142652109162177,21.911670793805804,20.371936689104352,0.0,5.499051666259765,,,,
401,14,0.28,0.00012173533726937259,20.01467023577009,18.57925763811384,0.0,5.126472364153181,,,,
402,14,0.28,0.0001220441534471234,22.187996419270835,20.69161911010742,0.0,5.344204839070638,,,,
403,14,0.28,0.00012235296962487423,19.41067460004021,18.197023055132696,0.0,4.334468673257267,,,,
404,14,0.28,0.00012266178580262505,30.046737670898438,28.254911069516783,0.0,6.399383756849501,,,,
405,14,0.28,0.00012297060198037586,18.788888393304287,16.881840436886517,0.0,6.810884818052634,,,,
406,14,0.28,0.00012327941815812668,26.037391662597656,24.489425659179688,0.0,5.5284494161605835,,,,
407,14,0.28,0.0001235882343358775,21.00482417515346,19.694832502092634,0.0,4.678541346958705,,,,
408,14,0.28,0.0001238970505136283,19.73157570578835,18.469088698878434,0.0,4.508883158365886,,,,
409,14,0.28,0.00012420586669137913,18.40691375732422,17.169331359863282,0.0,4.419936970302037,,,,
410,14,0.28,0.00012451468286912994,24.806964111328124,23.273975045340404,0.0,5.47495983668736,,,,
411,14,0.28,0.00012482349904688076,24.396617274130545,23.153746574155747,0.0,4.438823392314296,,,,
412,14,0.28,0.00012513231522463157,20.779754638671875,19.267508017050254,0.0,5.400880349648966,,,,
413,14,0.28,0.0001254411314023824,19.975112915039062,18.74496290418837,0.0,4.393394046359592,,,,
414,14,0.28,0.0001257499475801332,23.33262320125804,21.935595568488626,0.0,4.989384651184082,,,,
415,14,0.28,0.00012605876375788402,21.485622205232318,20.13868552760074,0.0,4.810488249126234,,,,
416,14,0.28,0.00012636757993563484,21.393429226345486,19.951887342664932,0.0,5.148364384969075,,,,
417,14,0.28,0.00012667639611338568,22.23477957589286,20.782019914899553,0.0,5.188426535470145,,,,
418,14,0.28,0.0001269852122911365,21.137233618533973,19.572047609271426,0.0,5.589951139507872,,,,
419,14,0.28,0.0001271087387622368,21.137233618533973,19.572047609271426,0.0,5.589951139507872,35.6868536567688,34.28856718063354,0.0,4.99388081073761
420,15,0.30000000000000004,0.00012741755493998763,18.00753984953228,16.643734179045026,0.0,4.546018048336632,,,,
421,15,0.30000000000000004,0.00012772637111773845,22.751116689046224,21.320069885253908,0.0,4.770155906677246,,,,
422,15,0.30000000000000004,0.00012803518729548926,17.29790708753798,16.24426417880588,0.0,3.5121435589260526,,,,
423,15,0.30000000000000004,0.0001283440034732401,17.564195033482143,16.512093026297432,0.0,3.507007598876953,,,,
424,15,0.30000000000000004,0.00012865281965099092,20.44581357170554,19.23116953232709,0.0,4.048812249127557,,,,
425,15,0.30000000000000004,0.00012896163582874174,17.62997292183541,16.49773406982422,0.0,3.7741293520540804,,,,
426,15,0.30000000000000004,0.00012927045200649255,20.743685404459637,19.52810645825935,0.0,4.051929473876953,,,,
427,15,0.30000000000000004,0.00012957926818424337,19.56206577845982,18.444163731166295,0.0,3.72633912222726,,,,
428,15,0.30000000000000004,0.00012988808436199418,21.623253998933016,20.170416514078777,0.0,4.8427908862078635,,,,
429,15,0.30000000000000004,0.00013019690053974503,21.8311767578125,20.17161385672433,0.0,5.531875882829938,,,,
430,15,0.30000000000000004,0.00013050571671749584,20.05346540971236,18.847788724032316,0.0,4.018922979181463,,,,
431,15,0.30000000000000004,0.00013081453289524666,20.71801249186198,19.41443337334527,0.0,4.345263904995388,,,,
432,15,0.30000000000000004,0.00013112334907299747,20.43160160609654,18.910200936453684,0.0,5.071335819789342,,,,
433,15,0.30000000000000004,0.0001314321652507483,20.014967564174107,18.737807791573662,0.0,4.25719838823591,,,,
434,15,0.30000000000000004,0.0001317409814284991,20.565421210394966,19.106763627794052,0.0,4.8621931076049805,,,,
435,15,0.30000000000000004,0.00013204979760624992,21.31485077829072,19.631991068522137,0.0,5.6095326741536455,,,,
436,15,0.30000000000000004,0.00013235861378400074,20.66156432207893,19.13458251953125,0.0,5.089939454022576,,,,
437,15,0.30000000000000004,0.00013266742996175155,21.11082088586056,19.855844671075996,0.0,4.183254357540246,,,,
438,15,0.30000000000000004,0.00013297624613950237,22.63828754425049,21.16097927093506,0.0,4.924359381198883,,,,
439,15,0.30000000000000004,0.0001332850623172532,19.931619220309788,18.61384434170193,0.0,4.392582257588704,,,,
440,15,0.30000000000000004,0.000133593878495004,22.430256699070785,20.969701131184895,0.0,4.868517615578392,,,,
441,15,0.30000000000000004,0.00013390269467275482,20.155553763253348,18.63530731201172,0.0,5.067488643101283,,,,
442,15,0.30000000000000004,0.00013421151085050563,20.522110421316963,19.272884913853236,0.0,4.164087241036551,,,,
443,15,0.30000000000000004,0.00013452032702825645,23.423460133870442,22.27086919148763,0.0,3.8419708887736004,,,,
444,15,0.30000000000000004,0.00013482914320600727,21.49654276230756,20.46166363884421,0.0,3.449595339158002,,,,
445,15,0.30000000000000004,0.00013513795938375808,21.847031795617305,20.520101605039656,0.0,4.423099749016039,,,,
446,15,0.30000000000000004,0.00013544677556150893,22.336876763237846,20.99267323811849,0.0,4.480678664313422,,,,
447,15,0.30000000000000004,0.00013575559173925974,21.280135260687935,19.897861268785263,0.0,4.607579867045085,,,,
448,15,0.30000000000000004,0.00013606440791701056,24.897306500059187,23.350213715524383,0.0,5.15697750900731,,,,
449,15,0.30000000000000004,0.00013618793438811087,24.897306500059187,23.350213715524383,0.0,5.15697750900731,36.028891506195066,34.4143642616272,0.0,5.3817571353912355
450,16,0.32,0.0001364967505658617,18.399531258477104,16.925707711113823,0.0,4.605698585510254,,,,
451,16,0.32,0.0001368055667436125,19.798351614815846,18.423197937011718,0.0,4.29735597882952,,,,
452,16,0.32,0.00013711438292136335,16.682869175502233,15.351688711983817,0.0,4.159939030238561,,,,
453,16,0.32,0.00013742319909911416,20.438669928188983,18.825605458226697,0.0,5.040826139778926,,,,
454,16,0.32,0.00013773201527686498,18.812029566083634,17.389085837772914,0.0,4.44669907433646,,,,
455,16,0.32,0.0001380408314546158,19.167957305908203,18.009409736184512,0.0,3.6204616602729347,,,,
456,16,0.32,0.0001383496476323666,20.778802120324336,19.378503510446258,0.0,4.375932982473662,,,,
457,16,0.32,0.00013865846381011743,21.138412039620537,19.85137721470424,0.0,4.021982574462891,,,,
458,16,0.32,0.00013896727998786824,23.087592181037454,21.63572962143842,0.0,4.53707077923943,,,,
459,16,0.32,0.00013927609616561906,18.69940904889788,17.33590589250837,0.0,4.260948017665318,,,,
460,16,0.32,0.00013958491234336988,19.596363436791204,18.29809004260648,0.0,4.057105464320029,,,,
461,16,0.32,0.0001398937285211207,20.96015739440918,19.910717010498047,0.0,3.2795012295246124,,,,
462,16,0.32,0.00014020254469887153,19.030936163824958,18.102104393211572,0.0,2.902599231616871,,,,
463,16,0.32,0.00014051136087662235,18.316548066980697,17.14913132611443,0.0,3.6481774274040673,,,,
464,16,0.32,0.00014082017705437317,19.565953717912947,18.324683925083704,0.0,3.878967993600028,,,,
465,16,0.32,0.00014112899323212398,21.80006334858556,20.534374114005796,0.0,3.955280734646705,,,,
466,16,0.32,0.0001414378094098748,20.951043793649383,19.60165243437796,0.0,4.216847968823982,,,,
467,16,0.32,0.00014174662558762561,26.051883820564516,24.706946588331654,0.0,4.202927066433814,,,,
468,16,0.32,0.00014205544176537643,18.91554739815848,17.61135079520089,0.0,4.07561400277274,,,,
469,16,0.32,0.00014236425794312725,23.08246922492981,21.67090678215027,0.0,4.411133289337158,,,,
470,16,0.32,0.00014267307412087806,24.000440761021206,22.3698246547154,0.0,5.095675114222935,,,,
471,16,0.32,0.00014298189029862888,20.586297652300665,19.322867000804226,0.0,3.9482218237484203,,,,
472,16,0.32,0.0001432907064763797,20.873094395228794,19.6780275617327,0.0,3.7345831189836773,,,,
473,16,0.32,0.0001435995226541305,20.248597428605365,19.139045096732474,0.0,3.4673504185032202,,,,
474,16,0.32,0.00014390833883188133,22.755485765861742,21.427377874200996,0.0,4.1503371036413945,,,,
475,16,0.32,0.00014421715500963217,18.23038326165615,16.550860673953327,0.0,5.248507573054387,,,,
476,16,0.32,0.00014452597118738299,17.948843540289463,16.480531154534756,0.0,4.588475691966521,,,,
477,16,0.32,0.0001448347873651338,21.217132105971828,19.677638429583926,0.0,4.810917767611417,,,,
478,16,0.32,0.00014514360354288462,20.835273069493912,19.405781914206113,0.0,4.467159159043256,,,,
479,16,0.32,0.00014526713001398493,20.835273069493912,19.405781914206113,0.0,4.467159159043256,36.95536081314087,35.26447105407715,0.0,5.284030661582947
480,17,0.34,0.00014557594619173575,19.125100072224935,17.28419609069824,0.0,5.414422353108724,,,,
481,17,0.34,0.0001458847623694866,17.30155094691685,15.967017255510603,0.0,3.9250988006591796,,,,
482,17,0.34,0.0001461935785472374,17.874390302385603,16.6121579851423,0.0,3.7124492645263674,,,,
483,17,0.34,0.00014650239472498822,19.668359467477508,18.678594878225617,0.0,2.911072470925071,,,,
484,17,0.34,0.00014681121090273904,15.702994497198807,14.872367658113179,0.0,2.443020143006977,,,,
485,17,0.34,0.00014712002708048986,19.731341700400076,18.815371851767264,0.0,2.694029131243306,,,,
486,17,0.34,0.00014742884325824067,18.381665846880743,17.456346848431757,0.0,2.7215268752154183,,,,
487,17,0.34,0.0001477376594359915,20.83346644810268,19.56437443324498,0.0,3.7326234000069753,,,,
488,17,0.34,0.0001480464756137423,21.590340852737427,19.94505476951599,0.0,4.839075922966003,,,,
489,17,0.34,0.00014835529179149312,21.472947288961972,20.22303794412052,0.0,3.67620428870706,,,,
490,17,0.34,0.00014866410796924394,20.170303768581814,18.99864429897732,0.0,3.446057425604926,,,,
491,17,0.34,0.00014897292414699475,23.57576274871826,22.37700080871582,0.0,3.525770902633667,,,,
492,17,0.34,0.00014928174032474557,18.12456300523546,16.91411484612359,0.0,3.5601410335964627,,,,
493,17,0.34,0.00014959055650249638,18.32474610299775,17.345976627234258,0.0,2.878734010638613,,,,
494,17,0.34,0.0001498993726802472,17.614411926269533,16.495586940220424,0.0,3.290661348615374,,,,
495,17,0.34,0.00015020818885799802,18.187209409825943,17.14282854865579,0.0,3.07170789382037,,,,
496,17,0.34,0.00015051700503574886,20.381697954450335,19.181614903041293,0.0,3.5296574183872766,,,,
497,17,0.34,0.00015082582121349967,17.26443756951226,16.300255669487846,0.0,2.8358296288384333,,,,
498,17,0.34,0.0001511346373912505,18.9553062915802,17.89936399459839,0.0,3.105713576078415,,,,
499,17,0.34,0.0001514434535690013,17.647908020019532,16.442737252371654,0.0,3.5446200234549385,,,,
500,17,0.34,0.00015175226974675212,18.882864110610065,17.855644450468176,0.0,3.021235241609461,,,,
501,17,0.34,0.00015206108592450294,20.265646144321988,19.08400115966797,0.0,3.4754259381975445,,,,
502,17,0.34,0.00015236990210225375,21.100364011876724,19.679060094496784,0.0,4.180305200464585,,,,
503,17,0.34,0.00015267871828000457,22.21143144176852,20.994995363297,0.0,3.577753743817729,,,,
504,17,0.34,0.00015298753445775541,21.16064707438151,20.073408647017047,0.0,3.1977604374741064,,,,
505,17,0.34,0.00015329635063550623,20.376509001760773,19.252437475955848,0.0,3.3060915397875235,,,,
506,17,0.34,0.00015360516681325705,21.25136611040901,20.05324419806985,0.0,3.523887746474322,,,,
507,17,0.34,0.00015391398299100786,18.816847930083405,17.7655452006572,0.0,3.092068388655379,,,,
508,17,0.34,0.00015422279916875868,19.119558497837613,18.081518990652903,0.0,3.053058569771903,,,,
509,17,0.34,0.000154346325639859,19.119558497837613,18.081518990652903,0.0,3.053058569771903,37.613813381195065,36.52815773010254,0.0,3.1931051993370057
510,18,0.36000000000000004,0.00015465514181760984,17.47761625402114,16.474527471205768,0.0,2.786358216229607,,,,
511,18,0.36000000000000004,0.00015496395799536065,17.413467407226562,16.58791027647076,0.0,2.293214393384529,,,,
512,18,0.36000000000000004,0.00015527277417311147,16.317951305492503,15.209961968499261,0.0,3.0777488914695947,,,,
513,18,0.36000000000000004,0.00015558159035086228,17.488858540852863,16.231281026204428,0.0,3.4932708104451495,,,,
514,18,0.36000000000000004,0.0001558904065286131,17.938619995117186,16.766535295758928,0.0,3.2557906559535437,,,,
515,18,0.36000000000000004,0.00015619922270636392,16.92000379060444,15.747575458727384,0.0,3.2567453384399414,,,,
516,18,0.36000000000000004,0.00015650803888411473,16.81146882709704,15.684939133493524,0.0,3.1292506268149927,,,,
517,18,0.36000000000000004,0.00015681685506186555,16.53279361209354,15.5666456480284,0.0,2.683744765616752,,,,
518,18,0.36000000000000004,0.00015712567123961636,18.911498285108998,17.913818851594,0.0,2.7713319101641254,,,,
519,18,0.36000000000000004,0.00015743448741736718,16.509992444837415,15.469539333034206,0.0,2.890147131842536,,,,
520,18,0.36000000000000004,0.000157743303595118,20.505138512813684,19.375515099727746,0.0,3.1378431609182647,,,,
521,18,0.36000000000000004,0.0001580521197728688,19.717278616768972,18.653125435965404,0.0,2.955981172834124,,,,
522,18,0.36000000000000004,0.00015836093595061963,18.071571132114954,16.87825905936105,0.0,3.3147564479282923,,,,
523,18,0.36000000000000004,0.00015866975212837044,19.83893367222377,18.702545383998327,0.0,3.156634793962751,,,,
524,18,0.36000000000000004,0.00015897856830612126,17.913499574403506,16.595155251992715,0.0,3.662067310230152,,,,
525,18,0.36000000000000004,0.00015928738448387208,26.674203543827453,25.257587301320044,0.0,3.935045604048104,,,,
526,18,0.36000000000000004,0.0001595962006616229,19.76375692030963,18.147971882539636,0.0,4.488292413599351,,,,
527,18,0.36000000000000004,0.0001599050168393737,18.340327235630582,17.03121098109654,0.0,3.6364329746791295,,,,
528,18,0.36000000000000004,0.00016021383301712455,20.07492188484438,18.822381050355972,0.0,3.4792807794386342,,,,
529,18,0.36000000000000004,0.00016052264919487537,16.440419448049443,15.083163010446649,0.0,3.7701562078375566,,,,
530,18,0.36000000000000004,0.00016083146537262618,18.236482196384006,17.116050508287216,0.0,3.112309455871582,,,,
531,18,0.36000000000000004,0.000161140281550377,17.913065966437845,16.92424706851735,0.0,2.7467191359576058,,,,
532,18,0.36000000000000004,0.00016144909772812781,22.14778097744646,20.819545877390894,0.0,3.68954178793677,,,,
533,18,0.36000000000000004,0.00016175791390587866,17.852519989013672,16.428069591522217,0.0,3.9568068981170654,,,,
534,18,0.36000000000000004,0.00016206673008362947,20.843088949880293,19.797152611517138,0.0,2.905379387640184,,,,
535,18,0.36000000000000004,0.0001623755462613803,19.827254813058037,18.82776140485491,0.0,2.7763701575143,,,,
536,18,0.36000000000000004,0.0001626843624391311,18.20548587375217,17.177067014906143,0.0,2.8567195733388266,,,,
537,18,0.36000000000000004,0.00016299317861688192,18.438095092773438,17.450682878494263,0.0,2.742811620235443,,,,
538,18,0.36000000000000004,0.00016330199479463274,21.275011124149447,20.33514207409274,0.0,2.610748291015625,,,,
539,18,0.36000000000000004,0.00016342552126573308,21.275011124149447,20.33514207409274,0.0,2.610748291015625,37.48612163543701,36.48878000259399,0.0,2.7703935933113097
540,19,0.38,0.0001637343374434839,15.655201473751584,14.584077577333193,0.0,2.8187474431218327,,,,
541,19,0.38,0.0001640431536212347,15.912131365607767,14.90325366749483,0.0,2.6549412783454445,,,,
542,19,0.38,0.00016435196979898553,16.34814256940569,15.414082554408482,0.0,2.4580521174839567,,,,
543,19,0.38,0.00016466078597673634,14.947895685831705,14.075573179456923,0.0,2.295585526360406,,,,
544,19,0.38,0.00016496960215448716,18.145853154799518,17.159555098589728,0.0,2.5955223756677963,,,,
545,19,0.38,0.00016527841833223798,15.658544116550022,14.876852883232964,0.0,2.0570817258622913,,,,
546,19,0.38,0.0001655872345099888,18.60913912455241,17.406365712483723,0.0,3.1651935047573514,,,,
547,19,0.38,0.0001658960506877396,17.155292510986328,15.991790533065796,0.0,3.0618467330932617,,,,
548,19,0.38,0.00016620486686549042,19.199679194269955,18.0601901492557,0.0,2.9986559893633866,,,,
549,19,0.38,0.00016651368304324124,19.41142850933653,18.130363926743016,0.0,3.371223160714814,,,,
550,19,0.38,0.00016682249922099206,19.333033323287964,18.188899278640747,0.0,3.0108799040317535,,,,
551,19,0.38,0.00016713131539874287,18.366663307979188,17.424120935900458,0.0,2.480373941618821,,,,
552,19,0.38,0.0001674401315764937,20.424816940770004,19.46947733561198,0.0,2.51405161077326,,,,
553,19,0.38,0.0001677489477542445,19.820032358169556,18.457909107208252,0.0,3.5845359563827515,,,,
554,19,0.38,0.00016805776393199532,20.3303783641142,18.851607154397403,0.0,3.8915039511287914,,,,
555,19,0.38,0.00016836658010974614,18.198674751050543,16.87187518495502,0.0,3.4915780154141514,,,,
556,19,0.38,0.00016867539628749695,15.986377200564823,15.099897023793813,0.0,2.3328422340186865,,,,
557,19,0.38,0.0001689842124652478,19.385211597789418,18.384438948197797,0.0,2.6336139910148852,,,,
558,19,0.38,0.0001692930286429986,18.371805667877197,17.39464521408081,0.0,2.5714747309684753,,,,
559,19,0.38,0.00016960184482074943,16.90843524354877,16.0699199329723,0.0,2.2066199851758554,,,,
560,19,0.38,0.00016991066099850024,18.755304278749406,17.744661273378313,0.0,2.6595863284486714,,,,
561,19,0.38,0.00017021947717625106,18.989965166364396,18.098211887904576,0.0,2.3467183249337333,,,,
562,19,0.38,0.0001705282933540019,19.37782125762015,18.35441103848544,0.0,2.693184737003211,,,,
563,19,0.38,0.00017083710953175272,16.773882620675224,15.701164027622768,0.0,2.8229437691824777,,,,
564,19,0.38,0.00017114592570950353,20.44020681670218,19.553157459605824,0.0,2.3343394019386987,,,,
565,19,0.38,0.00017145474188725435,18.122244666604434,17.118194804472083,0.0,2.6422369339886833,,,,
566,19,0.38,0.00017176355806500517,18.58575731165269,17.48434044333065,0.0,2.8984643431270825,,,,
567,19,0.38,0.00017207237424275598,16.41698729686248,15.376063420222355,0.0,2.739272557772123,,,,
568,19,0.38,0.0001723811904205068,21.517141862349078,20.491921627160274,0.0,2.6979481668183296,,,,
569,19,0.38,0.0001725047168916071,21.517141862349078,20.491921627160274,0.0,2.6979481668183296,38.330554218292235,37.13752923965454,0.0,3.139539556503296
570,20,0.4,0.00017281353306935793,15.404217614067925,14.35863643222385,0.0,2.61395361688402,,,,
571,20,0.4,0.00017312234924710877,18.813982725143433,17.772995233535767,0.0,2.6024681627750397,,,,
572,20,0.4,0.00017343116542485956,18.52709739438949,17.31707025343372,0.0,3.0250680369715535,,,,
573,20,0.4,0.0001737399816026104,18.505313526500355,17.02171464399858,0.0,3.7089965126731177,,,,
574,20,0.4,0.0001740487977803612,18.93634817335341,17.639096366034615,0.0,3.243129942152235,,,,
575,20,0.4,0.00017435761395811204,16.21624676934604,14.814323030669113,0.0,3.5048087218712114,,,,
576,20,0.4,0.00017466643013586283,16.27638065113741,15.315462000229779,0.0,2.402296402875115,,,,
577,20,0.4,0.00017497524631361367,19.631956531155495,18.77574477657195,0.0,2.140529171113045,,,,
578,20,0.4,0.00017528406249136446,15.723546881424753,14.845763156288548,0.0,2.1944596140008223,,,,
579,20,0.4,0.0001755928786691153,18.335611747972894,17.36178496389678,0.0,2.4345673936786074,,,,
580,20,0.4,0.0001759016948468661,15.82767573765346,14.905428423200334,0.0,2.3056186948503767,,,,
581,20,0.4,0.00017621051102461693,16.889433330959744,15.89877955118815,0.0,2.4766341580284967,,,,
582,20,0.4,0.00017651932720236775,14.263202868009868,13.348235481663755,0.0,2.2874189176057516,,,,
583,20,0.4,0.00017682814338011856,14.88913479366818,14.14346560916385,0.0,1.8641733994355072,,,,
584,20,0.4,0.0001771369595578694,21.214358806610107,20.079948663711548,0.0,2.8360248506069183,,,,
585,20,0.4,0.0001774457757356202,16.889564915707236,15.58877944946289,0.0,3.2519635150307105,,,,
586,20,0.4,0.00017775459191337104,17.50878228081597,16.459236992730034,0.0,2.6238640679253473,,,,
587,20,0.4,0.00017806340809112185,20.4861972693241,19.514189286665484,0.0,2.4300195520574395,,,,
588,20,0.4,0.00017837222426887267,15.532175931063565,14.673744201660156,0.0,2.1460791501131924,,,,
589,20,0.4,0.0001786810404466235,17.69544553756714,16.842447757720947,0.0,2.132494330406189,,,,
590,20,0.4,0.0001789898566243743,18.724809126420453,17.894432992646188,0.0,2.0759415771021987,,,,
591,20,0.4,0.00017929867280212512,16.122803631950827,15.347121294806986,0.0,1.9392054221209358,,,,
592,20,0.4,0.00017960748897987596,15.399332318987165,14.604984392438617,0.0,1.9858701160975865,,,,
593,20,0.4,0.00017991630515762675,19.58062481880188,18.807804822921753,0.0,1.9320499897003174,,,,
594,20,0.4,0.0001802251213353776,20.71883201599121,19.89846658706665,0.0,2.0509138703346252,,,,
595,20,0.4,0.00018053393751312838,19.787753105163574,18.859354257583618,0.0,2.320998042821884,,,,
596,20,0.4,0.00018084275369087923,16.64479500906808,15.87477286202567,0.0,1.9250562122889927,,,,
597,20,0.4,0.00018115156986863001,16.459343575142526,15.645046337230786,0.0,2.0357428628045158,,,,
598,20,0.4,0.00018146038604638086,19.774430246064156,18.6780478737571,0.0,2.7409565087520713,,,,
599,20,0.4,0.0001815839125174812,19.774430246064156,18.6780478737571,0.0,2.7409565087520713,39.63925519943237,38.235738124847416,0.0,3.508792505264282
600,21,0.42000000000000004,0.000181892728695232,16.02097112482244,14.86721454967152,0.0,2.747039968317205,,,,
601,21,0.42000000000000004,0.00018220154487298283,15.806982203892298,14.882056100027901,0.0,2.202204786028181,,,,
602,21,0.42000000000000004,0.00018251036105073362,15.874881628787879,14.840716044108072,0.0,2.4622986533425073,,,,
603,21,0.42000000000000004,0.00018281917722848446,14.831828498840332,13.928868039449055,0.0,2.1499058485031126,,,,
604,21,0.42000000000000004,0.00018312799340623525,16.45331508091518,15.45510733468192,0.0,2.3766848972865513,,,,
605,21,0.42000000000000004,0.0001834368095839861,17.202007178104285,16.394911563757695,0.0,1.9216562906901042,,,,
606,21,0.42000000000000004,0.00018374562576173689,17.951730207963422,17.14270273844401,0.0,1.9262557752204663,,,,
607,21,0.42000000000000004,0.00018405444193948773,15.81355265024546,15.171279494826859,0.0,1.5292219213537268,,,,
608,21,0.42000000000000004,0.00018436325811723852,16.271314678770125,15.50003583503492,0.0,1.8363785021232837,,,,
609,21,0.42000000000000004,0.00018467207429498936,17.78233435846144,16.841752083070816,0.0,2.239481556800104,,,,
610,21,0.42000000000000004,0.00018498089047274018,19.120171715231503,18.206359414493335,0.0,2.1757441969478832,,,,
611,21,0.42000000000000004,0.000185289706650491,17.862758187686694,16.72378854190602,0.0,2.711831766016343,,,,
612,21,0.42000000000000004,0.0001855985228282418,17.657191108254825,16.78751283533433,0.0,2.070662722868078,,,,
613,21,0.42000000000000004,0.00018590733900599262,17.060852256981104,16.082297454009186,0.0,2.329892416258116,,,,
614,21,0.42000000000000004,0.00018621615518374344,16.7622258928087,15.777516471015083,0.0,2.3445462120903864,,,,
615,21,0.42000000000000004,0.00018652497136149428,18.362733364105225,17.162275075912476,0.0,2.858233690261841,,,,
616,21,0.42000000000000004,0.00018683378753924507,17.26093970404731,16.10330581665039,0.0,2.756271176868015,,,,
617,21,0.42000000000000004,0.00018714260371699591,17.329597241950758,16.45198798902107,0.0,2.0895458857218423,,,,
618,21,0.42000000000000004,0.00018745141989474673,15.908682852080375,15.062225804184422,0.0,2.015373692368016,,,,
619,21,0.42000000000000004,0.00018776023607249755,19.369751453399658,18.627411603927612,0.0,1.7674758732318878,,,,
620,21,0.42000000000000004,0.00018806905225024836,17.306720309787327,16.506977293226456,0.0,1.9041501151190863,,,,
621,21,0.42000000000000004,0.00018837786842799918,17.683622248032513,16.8211093229406,0.0,2.053602330824908,,,,
622,21,0.42000000000000004,0.00018868668460575002,19.12757671580595,18.246648227467258,0.0,2.097448096555822,,,,
623,21,0.42000000000000004,0.0001889955007835008,16.48061243693034,15.541284773084852,0.0,2.236493878894382,,,,
624,21,0.42000000000000004,0.00018930431696125165,18.335181265166312,17.427560979669746,0.0,2.1610006563591235,,,,
625,21,0.42000000000000004,0.00018961313313900244,17.772537007051355,16.9132641063017,0.0,2.0458885922151455,,,,
626,21,0.42000000000000004,0.00018992194931675329,19.72087344001321,18.69164814668543,0.0,2.4505365596098057,,,,
627,21,0.42000000000000004,0.00019023076549450407,16.630527708265518,15.675563176472982,0.0,2.2737255891164145,,,,
628,21,0.42000000000000004,0.00019053958167225492,17.042508019341362,16.191502041286892,0.0,2.0262050363752575,,,,
629,21,0.42000000000000004,0.00019066310814335526,17.042508019341362,16.191502041286892,0.0,2.0262050363752575,40.42187446594238,39.53886333465576,0.0,2.1024075531959534
630,22,0.44,0.00019097192432110605,14.353607389662,13.453257242838541,0.0,2.0462507936689587,,,,
631,22,0.44,0.0001912807404988569,18.91498057047526,17.995401787035394,0.0,2.089952006484523,,,,
632,22,0.44,0.00019158955667660768,15.600652694702148,14.669072469075521,0.0,2.1172280311584473,,,,
633,22,0.44,0.00019189837285435852,16.633779352361504,15.737751122676965,0.0,2.0364283937396426,,,,
634,22,0.44,0.0001922071890321093,16.86135537283761,15.874070576259069,0.0,2.2438285095351085,,,,
635,22,0.44,0.00019251600520986016,13.283009847005209,12.473317926580256,0.0,1.8402091517592922,,,,
636,22,0.44,0.00019282482138761095,18.33542147549716,17.60579889470881,0.0,1.6582333824851296,,,,
637,22,0.44,0.0001931336375653618,15.714099407196045,15.047189235687256,0.0,1.5157049894332886,,,,
638,22,0.44,0.00019344245374311258,14.481002371651785,13.962930079868862,0.0,1.1774374008178712,,,,
639,22,0.44,0.00019375126992086342,15.16444276508532,14.549311788458573,0.0,1.3980242076673006,,,,
640,22,0.44,0.00019406008609861424,15.41653311593192,14.824871826171876,0.0,1.3446849005562918,,,,
641,22,0.44,0.00019436890227636505,17.441705322265626,16.749140712193082,0.0,1.5740101950509207,,,,
642,22,0.44,0.00019467771845411587,17.37853458949498,16.413697596958706,0.0,2.1928115572248186,,,,
643,22,0.44,0.00019498653463186668,16.562775483002532,15.60622282285948,0.0,2.1739827233391837,,,,
644,22,0.44,0.0001952953508096175,17.288247638278538,16.511769400702583,0.0,1.7647226916419134,,,,
645,22,0.44,0.00019560416698736834,17.444002705235636,16.803692479287424,0.0,1.4552503401233303,,,,
646,22,0.44,0.00019591298316511913,16.022592381068637,15.351780046735492,0.0,1.5245740073067802,,,,
647,22,0.44,0.00019622179934286997,18.395014676180754,17.560503641764324,0.0,1.8966164444432114,,,,
648,22,0.44,0.00019653061552062076,18.928482055664062,18.138658831196448,0.0,1.7950523130355343,,,,
649,22,0.44,0.0001968394316983716,18.380655527114868,17.680581092834473,0.0,1.5910783410072327,,,,
650,22,0.44,0.00019714824787612245,16.94915704166188,16.23104050580193,0.0,1.6320827147539925,,,,
651,22,0.44,0.00019745706405387324,17.437874794006348,16.718653440475464,0.0,1.634593904018402,,,,
652,22,0.44,0.00019776588023162408,16.177105930873324,15.525322178431919,0.0,1.4813260214669364,,,,
653,22,0.44,0.00019807469640937487,15.831323365907412,15.196197509765625,0.0,1.4434679392221812,,,,
654,22,0.44,0.00019838351258712571,17.355146838772683,16.67603228169103,0.0,1.543441972424907,,,,
655,22,0.44,0.0001986923287648765,18.116469180945195,17.358725345495976,0.0,1.7221458608453923,,,,
656,22,0.44,0.00019900114494262735,15.787166595458984,15.062105078446237,0.0,1.6478669517918636,,,,
657,22,0.44,0.00019930996112037813,18.386968051686008,17.63820042329676,0.0,1.7017440795898438,,,,
658,22,0.44,0.00019961877729812898,16.80517878676906,16.096815860632695,0.0,1.609915762236624,,,,
659,22,0.44,0.00019974230376922927,16.80517878676906,16.096815860632695,0.0,1.609915762236624,42.01378080368042,41.289366493225096,0.0,1.646396324634552
660,23,0.46,0.0002000511199469801,16.53939981171579,15.667151480010062,0.0,1.896192435062293,,,,
661,23,0.46,0.00020035993612473095,16.238629987162927,15.484243823635962,0.0,1.6399709332373835,,,,
662,23,0.46,0.00020066875230248174,14.978886323816637,14.145521276137409,0.0,1.811662898344152,,,,
663,23,0.46,0.00020097756848023258,15.758464697635535,15.011352307868727,0.0,1.6241572119972922,,,,
664,23,0.46,0.00020128638465798337,13.486097593565244,12.749923499854836,0.0,1.6003784746737093,,,,
665,23,0.46,0.00020159520083573422,16.423880546323716,15.72963419268208,0.0,1.5092310136364353,,,,
666,23,0.46,0.000201904017013485,15.16027791876542,14.477696268182052,0.0,1.4838733673095703,,,,
667,23,0.46,0.00020221283319123585,16.973128836495537,16.257406616210936,0.0,1.5559179850987026,,,,
668,23,0.46,0.00020252164936898666,14.586837332589285,13.934375871930804,0.0,1.4183940342494419,,,,
669,23,0.46,0.00020283046554673748,15.286866542271206,14.517106628417968,0.0,1.6733912331717355,,,,
670,23,0.46,0.0002031392817244883,14.642955889020648,13.821066502162388,0.0,1.786716161455427,,,,
671,23,0.46,0.0002034480979022391,18.119786739349365,17.221224784851074,0.0,1.9533952474594116,,,,
672,23,0.46,0.00020375691407998993,18.011153190366684,17.21219733453566,0.0,1.736860152213804,,,,
673,23,0.46,0.00020406573025774074,16.193681989397323,15.518023027692522,0.0,1.4688235691615514,,,,
674,23,0.46,0.00020437454643549156,17.961640142625377,17.29874592442666,0.0,1.4410748481750488,,,,
675,23,0.46,0.0002046833626132424,16.53759832943187,15.917192571303424,0.0,1.348708152770996,,,,
676,23,0.46,0.0002049921787909932,16.623003932407926,16.05696999686105,0.0,1.2305088996887208,,,,
677,23,0.46,0.00020530099496874403,15.049851523505318,14.520999060736763,0.0,1.1496792899237738,,,,
678,23,0.46,0.00020560981114649482,14.276614718967014,13.784461551242405,0.0,1.069898075527615,,,,
679,23,0.46,0.00020591862732424567,17.627669363310844,17.033055623372395,0.0,1.2926383885470303,,,,
680,23,0.46,0.00020622744350199646,16.16580087998334,15.122737211339613,0.0,2.267529655905331,,,,
681,23,0.46,0.0002065362596797473,17.926097446017796,16.978369536223234,0.0,2.0602786276075573,,,,
682,23,0.46,0.0002068450758574981,16.67922690255301,15.587820434570313,0.0,2.3726231711251393,,,,
683,23,0.46,0.00020715389203524893,16.470126656924975,15.665351643281824,0.0,1.749510176041547,,,,
684,23,0.46,0.00020746270821299977,14.689715823611698,13.984916068412161,0.0,1.5321735691379856,,,,
685,23,0.46,0.00020777152439075056,15.396692911783854,14.792612711588541,0.0,1.3132177458869085,,,,
686,23,0.46,0.0002080803405685014,17.331521236535274,16.616642807469223,0.0,1.5540829427314526,,,,
687,23,0.46,0.0002083891567462522,14.523833555333754,13.881773107192096,0.0,1.3957837469437544,,,,
688,23,0.46,0.00020869797292400304,15.918877769919003,15.296905293184167,0.0,1.352114340838264,,,,
689,23,0.46,0.00020882149939510333,15.918877769919003,15.296905293184167,0.0,1.352114340838264,42.192449722290036,41.29228113174438,0.0,1.956888074874878
690,24,0.48000000000000004,0.00020913031557285417,15.019101535572725,14.253475413602942,0.0,1.5950547947603113,,,,
691,24,0.48000000000000004,0.00020943913175060496,16.08989484382398,15.433767838911576,0.0,1.366931221701882,,,,
692,24,0.48000000000000004,0.0002097479479283558,13.373155403137208,12.74563808441162,0.0,1.3073275566101075,,,,
693,24,0.48000000000000004,0.00021005676410610664,13.212716674804687,12.649762725830078,0.0,1.172821044921875,,,,
694,24,0.48000000000000004,0.00021036558028385743,16.01929259300232,15.49975323677063,0.0,1.0823735296726227,,,,
695,24,0.48000000000000004,0.00021067439646160828,15.118933475378787,14.52638105912642,0.0,1.2344843835541697,,,,
696,24,0.48000000000000004,0.00021098321263935907,13.273490318885216,12.751217964367989,0.0,1.0880674459995368,,,,
697,24,0.48000000000000004,0.0002112920288171099,17.656129652454005,16.960140351326235,0.0,1.4499779516650784,,,,
698,24,0.48000000000000004,0.00021160084499486072,17.06011446060673,16.495331548875377,0.0,1.1766303893058532,,,,
699,24,0.48000000000000004,0.00021190966117261154,14.26847924126519,13.733542760213217,0.0,1.1144506401485867,,,,
700,24,0.48000000000000004,0.00021221847735036236,17.870648784022176,17.295541086504535,0.0,1.1981408365311161,,,,
701,24,0.48000000000000004,0.00021252729352811317,13.735314034126901,13.228767601219383,0.0,1.055304901019947,,,,
702,24,0.48000000000000004,0.000212836109705864,14.456663731166294,13.891058349609375,0.0,1.1783444949558803,,,,
703,24,0.48000000000000004,0.00021314492588361483,16.09644178910689,15.470292524857955,0.0,1.3044779083945535,,,,
704,24,0.48000000000000004,0.00021345374206136562,15.755316532019412,15.110674077814275,0.0,1.343004457878344,,,,
705,24,0.48000000000000004,0.00021376255823911646,15.37605333328247,14.755068302154541,0.0,1.2937190234661102,,,,
706,24,0.48000000000000004,0.00021407137441686725,14.815130345961627,14.092628479003906,0.0,1.5052118862376493,,,,
707,24,0.48000000000000004,0.0002143801905946181,15.001952701144749,14.319665484958225,0.0,1.4214315944247775,,,,
708,24,0.48000000000000004,0.00021468900677236888,18.004004447690903,17.357769135505922,0.0,1.3463232132696337,,,,
709,24,0.48000000000000004,0.00021499782295011973,17.931699579412285,17.25149443655303,0.0,1.4170939127604167,,,,
710,24,0.48000000000000004,0.00021530663912787052,16.14931805928548,15.45571411980523,0.0,1.4450082514021132,,,,
711,24,0.48000000000000004,0.00021561545530562136,17.440299756599195,16.701071305708453,0.0,1.5400600722341826,,,,
712,24,0.48000000000000004,0.00021592427148337215,14.16119859025285,13.598309284931904,0.0,1.1726858164813068,,,,
713,24,0.48000000000000004,0.000216233087661123,17.036521629050927,16.173964888961226,0.0,1.7969928979873657,,,,
714,24,0.48000000000000004,0.00021654190383887378,14.453244739108616,13.74157820807563,0.0,1.4826385180155437,,,,
715,24,0.48000000000000004,0.00021685072001662462,14.428653240203857,13.732733964920044,0.0,1.4498316943645477,,,,
716,24,0.48000000000000004,0.00021715953619437547,15.731624364852905,14.912778615951538,0.0,1.7059285640716553,,,,
717,24,0.48000000000000004,0.00021746835237212625,14.672415449812606,14.048679042506862,0.0,1.2994513382782806,,,,
718,24,0.48000000000000004,0.0002177771685498771,18.66634952320772,18.0441053053912,0.0,1.2963429619284237,,,,
719,24,0.48000000000000004,0.00021790069502097739,18.66634952320772,18.0441053053912,0.0,1.2963429619284237,41.830997161865234,40.97161209106445,0.0,1.7903855395317079
720,25,0.5,0.00021820951119872823,16.59900098528181,15.681025041852678,0.0,1.8359521865844726,,,,
721,25,0.5,0.00021851832737647905,14.29047847438503,13.467722299936655,0.0,1.6455124519966744,,,,
722,25,0.5,0.00021882714355422986,13.263342606393914,12.576203195672287,0.0,1.3742788465399491,,,,
723,25,0.5,0.00021913595973198068,15.518974535392992,14.803625858191287,0.0,1.430697556697961,,,,
724,25,0.5,0.0002194447759097315,16.363074575151717,15.450750078473773,0.0,1.824648950781141,,,,
725,25,0.5,0.0002197535920874823,14.933168623182508,14.098676681518555,0.0,1.668983644909329,,,,
726,25,0.5,0.00022006240826523313,14.505971272786459,13.76436890496148,0.0,1.4832044707404242,,,,
727,25,0.5,0.00022037122444298397,16.36549303608556,15.586742031958796,0.0,1.5575017159984959,,,,
728,25,0.5,0.00022068004062073478,17.536241912841795,16.730205027262368,0.0,1.6120741685231528,,,,
729,25,0.5,0.0002209888567984856,15.239907618931362,14.583804975237165,0.0,1.3122055326189315,,,,
730,25,0.5,0.00022129767297623642,13.914227803548178,13.133844086618135,0.0,1.5607669714725378,,,,
731,25,0.5,0.00022160648915398723,12.935427497414981,12.29771400900448,0.0,1.2754269487717573,,,,
732,25,0.5,0.00022191530533173805,14.500178654988607,14.00037956237793,0.0,0.9995982117123074,,,,
733,25,0.5,0.0002222241215094889,13.95914438035753,13.476047303941515,0.0,0.9661942190594144,,,,
734,25,0.5,0.00022253293768723968,13.314589818318685,12.81262567308214,0.0,1.0039283169640436,,,,
735,25,0.5,0.00022284175386499052,13.88719482421875,13.411126055036272,0.0,0.9521375111171178,,,,
736,25,0.5,0.0002231505700427413,15.89207981654576,15.323570033482143,0.0,1.1370190484183176,,,,
737,25,0.5,0.00022345938622049216,17.085015240837546,16.19099448708927,0.0,1.7880417318905102,,,,
738,25,0.5,0.00022376820239824294,16.8777596950531,15.952540397644043,0.0,1.8504385352134705,,,,
739,25,0.5,0.0002240770185759938,19.37099003791809,18.661134481430054,0.0,1.4197106063365936,,,,
740,25,0.5,0.00022438583475374458,15.86927992297757,15.165110926474295,0.0,1.4083380699157715,,,,
741,25,0.5,0.00022469465093149542,15.652043104171753,15.069775581359863,0.0,1.164535567164421,,,,
742,25,0.5,0.0002250034671092462,15.99023797776964,15.485320409138998,0.0,1.009835574362013,,,,
743,25,0.5,0.00022531228328699705,14.626817539760046,14.129841613769532,0.0,0.9939520290919712,,,,
744,25,0.5,0.00022562109946474787,15.793208272833573,15.243019907098068,0.0,1.1003766561809338,,,,
745,25,0.5,0.00022592991564249868,13.701675183845289,13.188002615263969,0.0,1.0273449204184792,,,,
746,25,0.5,0.0002262387318202495,17.006096811005563,16.483663616758406,0.0,1.0448661861997661,,,,
747,25,0.5,0.00022654754799800031,15.397242518833705,14.952995954241072,0.0,0.8884933062962124,,,,
748,25,0.5,0.00022685636417575113,18.410791635513306,17.751434326171875,0.0,1.3187153190374374,,,,
749,25,0.5,0.00022697989064685145,18.410791635513306,17.751434326171875,0.0,1.3187153190374374,43.876862869262695,43.21198188781738,0.0,1.329762281179428
